stock_code,corp_code,corp_name,배당락일,지불일,배당,다음배당락일,다음지불일
5930,126380,삼성전자,20180331,20180516,17700,20180630,20180820
5930,126380,삼성전자,20180630,20180820,354,20180930,20181120
5930,126380,삼성전자,20180930,20181120,354,20181231,20190419
5930,126380,삼성전자,20181231,20190419,354,20190331,20190520
5930,126380,삼성전자,20190331,20190520,354,20190630,20190820
5930,126380,삼성전자,20190630,20190820,354,20190930,20191120
5930,126380,삼성전자,20190930,20191120,354,20191231,20200417
5930,126380,삼성전자,20191231,20200417,354,20200331,20200519
5930,126380,삼성전자,20200331,20200519,354,20200630,20200819
5930,126380,삼성전자,20200630,20200819,354,20200930,20201118
5930,126380,삼성전자,20200930,20201118,354,20201231,20210416
5930,126380,삼성전자,20201231,20210416,1932,20210331,20210518
5930,126380,삼성전자,20210331,20210518,361,20210630,20210818
5930,126380,삼성전자,20210630,20210818,361,20210930,20211117
5930,126380,삼성전자,20210930,20211117,361,20211231,20220415
5930,126380,삼성전자,20211231,20220415,361,20220331,20220517
5930,126380,삼성전자,20220331,20220517,361,20220630,20220816
5930,126380,삼성전자,20220630,20220816,361,20220930,20221115
5930,126380,삼성전자,20220930,20221115,361,20221231,20230414
5930,126380,삼성전자,20221231,20230414,361,20230331,20230517
5930,126380,삼성전자,20230331,20230517,361,20180331,20180516
5930,126380,삼성전자,20180331,20180516,17700,20180630,20180820
5930,126380,삼성전자,20180630,20180820,354,20180930,20181120
5930,126380,삼성전자,20180930,20181120,354,20181231,20190419
5930,126380,삼성전자,20181231,20190419,354,20190331,20190520
5930,126380,삼성전자,20190331,20190520,354,20190630,20190820
5930,126380,삼성전자,20190630,20190820,354,20190930,20191120
5930,126380,삼성전자,20190930,20191120,354,20191231,20200417
5930,126380,삼성전자,20191231,20200417,354,20200331,20200519
5930,126380,삼성전자,20200331,20200519,354,20200630,20200819
5930,126380,삼성전자,20200630,20200819,354,20200930,20201118
5930,126380,삼성전자,20200930,20201118,354,20201231,20210416
5930,126380,삼성전자,20201231,20210416,1932,20210331,20210518
5930,126380,삼성전자,20210331,20210518,361,20210630,20210818
5930,126380,삼성전자,20210630,20210818,361,20210930,20211117
5930,126380,삼성전자,20210930,20211117,361,20211231,20220415
5930,126380,삼성전자,20211231,20220415,361,20220331,20220517
5930,126380,삼성전자,20220331,20220517,361,20220630,20220816
5930,126380,삼성전자,20220630,20220816,361,20220930,20221115
5930,126380,삼성전자,20220930,20221115,361,20221231,20230414
5930,126380,삼성전자,20221231,20230414,361,20230331,20230517
5930,126380,삼성전자,20230331,20230517,361,20230629,20230815
81660,195229,휠라홀딩스,20181231,20190412,50,20191231,20200416
81660,195229,휠라홀딩스,20191231,20200416,219,20201231,20210422
81660,195229,휠라홀딩스,20201231,20210422,185,20211231,20220418
81660,195229,휠라홀딩스,20211231,20220418,1000,20220930,20221123
81660,195229,휠라홀딩스,20220930,20221123,830,20221231,20230414
81660,195229,휠라홀딩스,20221231,20230414,750,20230402,20230715
13890,150633,지누스,20191231,20200410,1250,20201231,20210408
13890,150633,지누스,20201231,20210408,800,20211231,20220415
13890,150633,지누스,20211231,20220415,850,20221231,20230421
13890,150633,지누스,20221231,20230421,530,20231231,20240420
284740,1267684,쿠쿠홈시스,20181231,20190422,2800,20191231,20200424
284740,1267684,쿠쿠홈시스,20191231,20200424,560,20201231,20210423
284740,1267684,쿠쿠홈시스,20201231,20210423,600,20211231,20220422
284740,1267684,쿠쿠홈시스,20211231,20220422,650,20221231,20230421
284740,1267684,쿠쿠홈시스,20221231,20230421,700,20231231,20240420
5850,125521,에스엘,20181231,20190425,400,20191231,20200429
5850,125521,에스엘,20191231,20200429,400,20201231,20210419
5850,125521,에스엘,20201231,20210419,500,20211231,20220415
5850,125521,에스엘,20211231,20220415,500,20221231,20230414
5850,125521,에스엘,20221231,20230414,600,20231231,20240413
4020,145880,현대제철,20181231,20190422,750,20191231,20200427
4020,145880,현대제철,20191231,20200427,750,20201231,20210423
4020,145880,현대제철,20201231,20210423,500,20211231,20220422
4020,145880,현대제철,20211231,20220422,1000,20221231,20230421
4020,145880,현대제철,20221231,20230421,1000,20231231,20240420
51600,159218,한전KPS,20181231,20190426,1790,20191231,20200424
51600,159218,한전KPS,20191231,20200424,1920,20201231,20210428
51600,159218,한전KPS,20201231,20210428,1146,20211231,20220428
51600,159218,한전KPS,20211231,20220428,1199,20221231,20230427
51600,159218,한전KPS,20221231,20230427,1305,20231231,20240426
32640,231363,LG유플러스,20181231,20190411,400,20191231,20200417
32640,231363,LG유플러스,20191231,20200417,400,20201231,20210416
32640,231363,LG유플러스,20201231,20210416,450,20210630,20210903
32640,231363,LG유플러스,20210630,20210903,200,20211231,20220415
32640,231363,LG유플러스,20211231,20220415,350,20220630,20220826
32640,231363,LG유플러스,20220630,20220826,250,20221231,20230414
32640,231363,LG유플러스,20221231,20230414,400,20181231,20190411
32640,231363,LG유플러스,20181231,20190411,400,20191231,20200417
32640,231363,LG유플러스,20191231,20200417,400,20201231,20210416
32640,231363,LG유플러스,20201231,20210416,450,20210630,20210903
32640,231363,LG유플러스,20210630,20210903,200,20211231,20220415
32640,231363,LG유플러스,20211231,20220415,350,20220630,20220826
32640,231363,LG유플러스,20220630,20220826,250,20221231,20230414
32640,231363,LG유플러스,20221231,20230414,400,20230703,20231015
4000,157681,롯데정밀화학,20181231,20190424,1700,20191231,20200423
4000,157681,롯데정밀화학,20191231,20200423,1700,20201231,20210416
4000,157681,롯데정밀화학,20201231,20210416,1500,20211231,20220415
4000,157681,롯데정밀화학,20211231,20220415,2300,20221231,20230421
4000,157681,롯데정밀화학,20221231,20230421,3500,20231231,20240420
185750,992871,종근당,20181231,20190405,900,20191231,20200403
185750,992871,종근당,20191231,20200403,900,20201231,20210409
185750,992871,종근당,20201231,20210409,1000,20211231,20220408
185750,992871,종근당,20211231,20220408,1000,20221231,20230407
185750,992871,종근당,20221231,20230407,1000,20231231,20240406
810,139214,삼성화재해상보험,20181231,20190419,11500,20191231,20200417
810,139214,삼성화재해상보험,20191231,20200417,8500,20201231,20210416
810,139214,삼성화재해상보험,20201231,20210416,8800,20211231,20220414
810,139214,삼성화재해상보험,20211231,20220414,12000,20221231,20230414
810,139214,삼성화재해상보험,20221231,20230414,13800,20231231,20240413
3410,138224,쌍용씨앤이,20180331,20180515,450,20180630,20180731
3410,138224,쌍용씨앤이,20180630,20180731,450,20180930,20181120
3410,138224,쌍용씨앤이,20180930,20181120,90,20181231,20190426
3410,138224,쌍용씨앤이,20181231,20190426,100,20190331,20190503
3410,138224,쌍용씨앤이,20190331,20190503,100,20190630,20190814
3410,138224,쌍용씨앤이,20190630,20190814,100,20190930,20191113
3410,138224,쌍용씨앤이,20190930,20191113,110,20191231,20200424
3410,138224,쌍용씨앤이,20191231,20200424,110,20200331,20200507
3410,138224,쌍용씨앤이,20200331,20200507,110,20200630,20200828
3410,138224,쌍용씨앤이,20200630,20200828,110,20200930,20201028
3410,138224,쌍용씨앤이,20200930,20201028,110,20201231,20210423
3410,138224,쌍용씨앤이,20201231,20210423,110,20210331,20210507
3410,138224,쌍용씨앤이,20210331,20210507,110,20210630,20210831
3410,138224,쌍용씨앤이,20210630,20210831,110,20210930,20211130
3410,138224,쌍용씨앤이,20210930,20211130,110,20211231,20220429
3410,138224,쌍용씨앤이,20211231,20220429,110,20220331,20220510
3410,138224,쌍용씨앤이,20220331,20220510,110,20220630,20220830
3410,138224,쌍용씨앤이,20220630,20220830,110,20220930,20221125
3410,138224,쌍용씨앤이,20220930,20221125,110,20221231,20230428
3410,138224,쌍용씨앤이,20221231,20230428,110,20230331,20230509
3410,138224,쌍용씨앤이,20230331,20230509,70,20230630,20230000
3410,138224,쌍용씨앤이,20230630,20230000,0,20230929,20300402
138040,860332,메리츠금융지주,20181231,20190329,470,20191231,20200327
138040,860332,메리츠금융지주,20191231,20200327,550,20201231,20210409
138040,860332,메리츠금융지주,20201231,20210409,900,20211231,20220407
138040,860332,메리츠금융지주,20211231,20220407,210,20221231,20230331
138040,860332,메리츠금융지주,20221231,20230331,105,20231231,20240330
17670,159023,SK텔레콤,20180630,20180821,1000,20181231,20190424
17670,159023,SK텔레콤,20181231,20190424,9000,20190630,20190821
17670,159023,SK텔레콤,20190630,20190821,1000,20191231,20200421
17670,159023,SK텔레콤,20191231,20200421,9000,20200630,20200819
17670,159023,SK텔레콤,20200630,20200819,1000,20201231,20210421
17670,159023,SK텔레콤,20201231,20210421,9000,20210630,20210810
17670,159023,SK텔레콤,20210630,20210810,2500,20210930,20211118
17670,159023,SK텔레콤,20210930,20211118,2500,20211231,20220422
17670,159023,SK텔레콤,20211231,20220422,1660,20220331,20220517
17670,159023,SK텔레콤,20220331,20220517,830,20220630,20220817
17670,159023,SK텔레콤,20220630,20220817,830,20220930,20221116
17670,159023,SK텔레콤,20220930,20221116,830,20221231,20230427
17670,159023,SK텔레콤,20221231,20230427,830,20230331,20230510
17670,159023,SK텔레콤,20230331,20230510,830,20180630,20180821
17670,159023,SK텔레콤,20180630,20180821,1000,20181231,20190424
17670,159023,SK텔레콤,20181231,20190424,9000,20190630,20190821
17670,159023,SK텔레콤,20190630,20190821,1000,20191231,20200421
17670,159023,SK텔레콤,20191231,20200421,9000,20200630,20200819
17670,159023,SK텔레콤,20200630,20200819,1000,20201231,20210421
17670,159023,SK텔레콤,20201231,20210421,9000,20210630,20210810
17670,159023,SK텔레콤,20210630,20210810,2500,20210930,20211118
17670,159023,SK텔레콤,20210930,20211118,2500,20211231,20220422
17670,159023,SK텔레콤,20211231,20220422,1660,20220331,20220517
17670,159023,SK텔레콤,20220331,20220517,830,20220630,20220817
17670,159023,SK텔레콤,20220630,20220817,830,20220930,20221116
17670,159023,SK텔레콤,20220930,20221116,830,20221231,20230427
17670,159023,SK텔레콤,20221231,20230427,830,20230331,20230510
17670,159023,SK텔레콤,20230331,20230510,830,20230629,20230808
6260,105952,LS,20181231,20190412,1250,20191231,20200410
6260,105952,LS,20191231,20200410,1450,20201231,20210409
6260,105952,LS,20201231,20210409,1450,20211231,20220408
6260,105952,LS,20211231,20220408,1450,20221231,20230407
6260,105952,LS,20221231,20230407,1550,20231231,20240406
272210,339391,한화시스템,20191231,20200409,310,20201231,20210409
272210,339391,한화시스템,20201231,20210409,230,20211231,20220407
272210,339391,한화시스템,20211231,20220407,160,20221231,20230407
272210,339391,한화시스템,20221231,20230407,250,20191231,20200409
272210,339391,한화시스템,20191231,20200409,310,20201231,20210409
272210,339391,한화시스템,20201231,20210409,230,20211231,20220407
272210,339391,한화시스템,20211231,20220407,160,20221231,20230407
272210,339391,한화시스템,20221231,20230407,250,20231231,20240406
1680,121941,대상,20211231,20220422,800,20221231,20230421
1680,121941,대상,20221231,20230421,800,20181231,20190422
1680,121941,대상,20181231,20190422,550,20191231,20200424
1680,121941,대상,20191231,20200424,600,20201231,20210423
1680,121941,대상,20201231,20210423,700,20220101,20220424
377300,1244601,카카오페이,20211231,20230000,0,20221231,20230000
377300,1244601,카카오페이,20221231,20230000,0,20211231,20230000
377300,1244601,카카오페이,20211231,20230000,0,20221231,20230000
377300,1244601,카카오페이,20221231,20230000,0,20231231,20310101
9240,161693,한샘,20181231,20190405,1200,20191231,20200403
9240,161693,한샘,20191231,20200403,1200,20201231,20210402
9240,161693,한샘,20201231,20210402,1300,20211231,20220408
9240,161693,한샘,20211231,20220408,1550,20220331,20220527
9240,161693,한샘,20220331,20220527,400,20220630,20220826
9240,161693,한샘,20220630,20220826,400,20220930,20230000
9240,161693,한샘,20220930,20230000,0,20221231,20230000
9240,161693,한샘,20221231,20230000,0,20230331,20230000
9240,161693,한샘,20230331,20230000,0,20230629,20300401
80,150244,하이트진로,20181231,20190412,800,20191231,20200410
80,150244,하이트진로,20191231,20200410,700,20201231,20210409
80,150244,하이트진로,20201231,20210409,750,20211231,20220408
80,150244,하이트진로,20211231,20220408,800,20221231,20230407
80,150244,하이트진로,20221231,20230407,950,20231231,20240406
11070,105961,LG이노텍,20181231,20190419,300,20191231,20200417
11070,105961,LG이노텍,20191231,20200417,300,20201231,20210416
11070,105961,LG이노텍,20201231,20210416,700,20211231,20220422
11070,105961,LG이노텍,20211231,20220422,3000,20221231,20230421
11070,105961,LG이노텍,20221231,20230421,4150,20181231,20190419
11070,105961,LG이노텍,20181231,20190419,300,20191231,20200417
11070,105961,LG이노텍,20191231,20200417,300,20201231,20210416
11070,105961,LG이노텍,20201231,20210416,700,20211231,20220422
11070,105961,LG이노텍,20211231,20220422,3000,20221231,20230421
11070,105961,LG이노텍,20221231,20230421,4150,20231231,20240420
12750,158501,에스원,20181231,20190419,2500,20191231,20200417
12750,158501,에스원,20191231,20200417,2500,20201231,20210416
12750,158501,에스원,20201231,20210416,2500,20211231,20220415
12750,158501,에스원,20211231,20220415,2500,20221231,20230414
12750,158501,에스원,20221231,20230414,2500,20231231,20240413
4800,117188,효성,20181231,20190404,5000,20191231,20200325
4800,117188,효성,20191231,20200325,5000,20201231,20210402
4800,117188,효성,20201231,20210402,5000,20211231,20220404
4800,117188,효성,20211231,20220404,6500,20221231,20230404
4800,117188,효성,20221231,20230404,4500,20231231,20240403
298020,1316227,효성티앤씨,20181231,20190403,1000,20191231,20200324
298020,1316227,효성티앤씨,20191231,20200324,2000,20201231,20210402
298020,1316227,효성티앤씨,20201231,20210402,5000,20211231,20220405
298020,1316227,효성티앤씨,20211231,20220405,50000,20221231,20230404
298020,1316227,효성티앤씨,20221231,20230404,10000,20181231,20190403
298020,1316227,효성티앤씨,20181231,20190403,1000,20191231,20200324
298020,1316227,효성티앤씨,20191231,20200324,2000,20201231,20210402
298020,1316227,효성티앤씨,20201231,20210402,5000,20211231,20220405
298020,1316227,효성티앤씨,20211231,20220405,50000,20221231,20230404
298020,1316227,효성티앤씨,20221231,20230404,10000,20231231,20240403
298050,1316254,효성첨단소재,20201231,20230000,0,20211231,20220404
298050,1316254,효성첨단소재,20211231,20220404,10000,20221231,20230404
298050,1316254,효성첨단소재,20221231,20230404,15000,20201231,20230000
298050,1316254,효성첨단소재,20201231,20230000,0,20211231,20220404
298050,1316254,효성첨단소재,20211231,20220404,10000,20221231,20230404
298050,1316254,효성첨단소재,20221231,20230404,15000,20231231,20240403
323410,1133217,카카오뱅크,20211231,20230000,0,20221231,20230426
323410,1133217,카카오뱅크,20221231,20230426,80,20211231,20230000
323410,1133217,카카오뱅크,20211231,20230000,0,20221231,20230426
323410,1133217,카카오뱅크,20221231,20230426,80,20231231,20240425
4170,136378,신세계,20181231,20190411,2000,20191231,20200420
4170,136378,신세계,20191231,20200420,2000,20201231,20210419
4170,136378,신세계,20201231,20210419,1500,20211231,20220425
4170,136378,신세계,20211231,20220425,3000,20221231,20230424
4170,136378,신세계,20221231,20230424,3750,20231231,20240423
31430,234412,신세계인터내셔날,20181231,20190417,850,20191231,20200423
31430,234412,신세계인터내셔날,20191231,20200423,1100,20201231,20210422
31430,234412,신세계인터내셔날,20201231,20210422,1100,20211231,20220422
31430,234412,신세계인터내셔날,20211231,20220422,1500,20221231,20230421
31430,234412,신세계인터내셔날,20221231,20230421,500,20181231,20190417
31430,234412,신세계인터내셔날,20181231,20190417,850,20191231,20200423
31430,234412,신세계인터내셔날,20191231,20200423,1100,20201231,20210422
31430,234412,신세계인터내셔날,20201231,20210422,1100,20211231,20220422
31430,234412,신세계인터내셔날,20211231,20220422,1500,20221231,20230421
31430,234412,신세계인터내셔날,20221231,20230421,500,20231231,20240420
39490,296290,키움증권,20181231,20190404,1500,20191231,20200403
39490,296290,키움증권,20191231,20200403,2000,20201231,20210406
39490,296290,키움증권,20201231,20210406,3000,20211231,20220404
39490,296290,키움증권,20211231,20220404,3500,20221231,20230407
39490,296290,키움증권,20221231,20230407,3000,20231231,20240406
6400,126362,삼성SDI,20181231,20190419,1000,20191231,20200417
6400,126362,삼성SDI,20191231,20200417,1000,20201231,20210416
6400,126362,삼성SDI,20201231,20210416,1000,20211231,20220415
6400,126362,삼성SDI,20211231,20220415,1000,20221231,20230414
6400,126362,삼성SDI,20221231,20230414,1030,20231231,20240413
137310,854997,에스디바이오센서,20201231,20210408,0,20211231,20220415
137310,854997,에스디바이오센서,20211231,20220415,1266,20220630,20220831
137310,854997,에스디바이오센서,20220630,20220831,700,20221231,20230414
137310,854997,에스디바이오센서,20221231,20230414,290,20230703,20231015
3240,153393,태광산업,20181231,20190415,3000,20191231,20200416
3240,153393,태광산업,20191231,20200416,1550,20201231,20210409
3240,153393,태광산업,20201231,20210409,1550,20211231,20220415
3240,153393,태광산업,20211231,20220415,1750,20221231,20230425
3240,153393,태광산업,20221231,20230425,1750,20231231,20240424
18880,161125,한온시스템,20180331,20180524,80,20180630,20180824
18880,161125,한온시스템,20180630,20180824,80,20180930,20181123
18880,161125,한온시스템,20180930,20181123,80,20181231,20190425
18880,161125,한온시스템,20181231,20190425,80,20190331,20190522
18880,161125,한온시스템,20190331,20190522,80,20190630,20190826
18880,161125,한온시스템,20190630,20190826,80,20190930,20191119
18880,161125,한온시스템,20190930,20191119,80,20191231,20200422
18880,161125,한온시스템,20191231,20200422,80,20200331,20200526
18880,161125,한온시스템,20200331,20200526,68,20200630,20200825
18880,161125,한온시스템,20200630,20200825,68,20200930,20201124
18880,161125,한온시스템,20200930,20201124,68,20201231,20210422
18880,161125,한온시스템,20201231,20210422,116,20210331,20210525
18880,161125,한온시스템,20210331,20210525,90,20210630,20210824
18880,161125,한온시스템,20210630,20210824,90,20210930,20211124
18880,161125,한온시스템,20210930,20211124,90,20211231,20220420
18880,161125,한온시스템,20211231,20220420,90,20220331,20220525
18880,161125,한온시스템,20220331,20220525,90,20220630,20220824
18880,161125,한온시스템,20220630,20220824,90,20220930,20221123
18880,161125,한온시스템,20220930,20221123,90,20221231,20230420
18880,161125,한온시스템,20221231,20230420,90,20230331,20230525
18880,161125,한온시스템,20230331,20230525,90,20230630,20230000
18880,161125,한온시스템,20230630,20230000,0,20230929,20300402
241560,1032486,두산밥캣,20180630,20180730,400,20181231,20190426
241560,1032486,두산밥캣,20181231,20190426,500,20190630,20190813
241560,1032486,두산밥캣,20190630,20190813,600,20191231,20200423
241560,1032486,두산밥캣,20191231,20200423,600,20201231,20230000
241560,1032486,두산밥캣,20201231,20230000,0,20211231,20220419
241560,1032486,두산밥캣,20211231,20220419,1200,20220630,20220812
241560,1032486,두산밥캣,20220630,20220812,600,20221231,20230426
241560,1032486,두산밥캣,20221231,20230426,750,20180630,20180730
241560,1032486,두산밥캣,20180630,20180730,400,20181231,20190426
241560,1032486,두산밥캣,20181231,20190426,500,20190630,20190813
241560,1032486,두산밥캣,20190630,20190813,600,20191231,20200423
241560,1032486,두산밥캣,20191231,20200423,600,20201231,20230000
241560,1032486,두산밥캣,20201231,20230000,0,20211231,20220419
241560,1032486,두산밥캣,20211231,20220419,1200,20220630,20220812
241560,1032486,두산밥캣,20220630,20220812,600,20221231,20230426
241560,1032486,두산밥캣,20221231,20230426,750,20230703,20231027
35250,255619,강원랜드,20181231,20190426,900,20191231,20200429
35250,255619,강원랜드,20191231,20200429,900,20201231,20230000
35250,255619,강원랜드,20201231,20230000,0,20211231,20230000
35250,255619,강원랜드,20211231,20230000,0,20221231,20230426
35250,255619,강원랜드,20221231,20230426,350,20231231,20240425
11790,139889,SKC,20181231,20190416,1000,20191231,20200421
11790,139889,SKC,20191231,20200421,1000,20201231,20210414
11790,139889,SKC,20201231,20210414,1000,20211231,20220420
11790,139889,SKC,20211231,20220420,1100,20221231,20230420
11790,139889,SKC,20221231,20230420,1100,20181231,20190416
11790,139889,SKC,20181231,20190416,1000,20191231,20200421
11790,139889,SKC,20191231,20200421,1000,20201231,20210414
11790,139889,SKC,20201231,20210414,1000,20211231,20220420
11790,139889,SKC,20211231,20220420,1100,20221231,20230420
11790,139889,SKC,20221231,20230420,1100,20231231,20240419
34730,181712,SK,20180630,20180822,1000,20181231,20190425
34730,181712,SK,20181231,20190425,4000,20190630,20190822
34730,181712,SK,20190630,20190822,1000,20191231,20200423
34730,181712,SK,20191231,20200423,4000,20200630,20200820
34730,181712,SK,20200630,20200820,1000,20201231,20210427
34730,181712,SK,20201231,20210427,6000,20210630,20210820
34730,181712,SK,20210630,20210820,1500,20211231,20220429
34730,181712,SK,20211231,20220429,6500,20220630,20220819
34730,181712,SK,20220630,20220819,1500,20221231,20230428
34730,181712,SK,20221231,20230428,3500,20230703,20231029
1740,131780,SK네트웍스,20181231,20190418,120,20191231,20200421
1740,131780,SK네트웍스,20191231,20200421,120,20201231,20210416
1740,131780,SK네트웍스,20201231,20210416,120,20211231,20220420
1740,131780,SK네트웍스,20211231,20220420,120,20221231,20230421
1740,131780,SK네트웍스,20221231,20230421,120,20181231,20190418
1740,131780,SK네트웍스,20181231,20190418,120,20191231,20200421
1740,131780,SK네트웍스,20191231,20200421,120,20201231,20210416
1740,131780,SK네트웍스,20201231,20210416,120,20211231,20220420
1740,131780,SK네트웍스,20211231,20220420,120,20221231,20230421
1740,131780,SK네트웍스,20221231,20230421,120,20231231,20240420
96770,631518,SK이노베이션,20180630,20180821,1600,20181231,20190418
96770,631518,SK이노베이션,20181231,20190418,6400,20190630,20190821
96770,631518,SK이노베이션,20190630,20190821,1600,20191231,20200421
96770,631518,SK이노베이션,20191231,20200421,1400,20201231,20230000
96770,631518,SK이노베이션,20201231,20230000,0,20211231,20220426
96770,631518,SK이노베이션,20211231,20220426,0,20221231,20230426
96770,631518,SK이노베이션,20221231,20230426,0,20180630,20180821
96770,631518,SK이노베이션,20180630,20180821,1600,20181231,20190418
96770,631518,SK이노베이션,20181231,20190418,6400,20190630,20190821
96770,631518,SK이노베이션,20190630,20190821,1600,20191231,20200421
96770,631518,SK이노베이션,20191231,20200421,1400,20201231,20230000
96770,631518,SK이노베이션,20201231,20230000,0,20211231,20220426
96770,631518,SK이노베이션,20211231,20220426,0,20221231,20230426
96770,631518,SK이노베이션,20221231,20230426,0,20231231,20240425
402340,1596425,SK스퀘어,20221231,20230000,0,20221231,20230000
402340,1596425,SK스퀘어,20221231,20230000,0,20221231,20230000
1800,117577,오리온홀딩스,20181231,20190419,650,20191231,20200414
1800,117577,오리온홀딩스,20191231,20200414,650,20201231,20210409
1800,117577,오리온홀딩스,20201231,20210409,650,20211231,20220421
1800,117577,오리온홀딩스,20211231,20220421,650,20221231,20230420
1800,117577,오리온홀딩스,20221231,20230420,700,20181231,20190419
1800,117577,오리온홀딩스,20181231,20190419,650,20191231,20200414
1800,117577,오리온홀딩스,20191231,20200414,650,20201231,20210409
1800,117577,오리온홀딩스,20201231,20210409,650,20211231,20220421
1800,117577,오리온홀딩스,20211231,20220421,650,20221231,20230420
1800,117577,오리온홀딩스,20221231,20230420,700,20231231,20240419
33780,244455,케이티앤지,20181231,20190429,4000,20191231,20200429
33780,244455,케이티앤지,20191231,20200429,4400,20201231,20210419
33780,244455,케이티앤지,20201231,20210419,4800,20211231,20220429
33780,244455,케이티앤지,20211231,20220429,4800,20221231,20230428
33780,244455,케이티앤지,20221231,20230428,5000,20181231,20190429
33780,244455,케이티앤지,20181231,20190429,4000,20191231,20200429
33780,244455,케이티앤지,20191231,20200429,4400,20201231,20210419
33780,244455,케이티앤지,20201231,20210419,4800,20211231,20220429
33780,244455,케이티앤지,20211231,20220429,4800,20221231,20230428
33780,244455,케이티앤지,20221231,20230428,5000,20231231,20240427
11210,106623,현대위아,20181231,20190412,600,20191231,20200422
11210,106623,현대위아,20191231,20200422,700,20201231,20210421
11210,106623,현대위아,20201231,20210421,700,20211231,20220420
11210,106623,현대위아,20211231,20220420,700,20221231,20230419
11210,106623,현대위아,20221231,20230419,700,20231231,20240418
10780,115977,아이에스동서,20181231,20190412,1200,20191231,20200403
10780,115977,아이에스동서,20191231,20200403,700,20201231,20210405
10780,115977,아이에스동서,20201231,20210405,1000,20211231,20220404
10780,115977,아이에스동서,20211231,20220404,1200,20221231,20230000
10780,115977,아이에스동서,20221231,20230000,0,20181231,20190412
10780,115977,아이에스동서,20181231,20190412,1200,20191231,20200403
10780,115977,아이에스동서,20191231,20200403,700,20201231,20210405
10780,115977,아이에스동서,20201231,20210405,1000,20211231,20220404
10780,115977,아이에스동서,20211231,20220404,1200,20221231,20230000
10780,115977,아이에스동서,20221231,20230000,0,20231231,20310101
26960,144395,동서,20181231,20190227,700,20191231,20200304
26960,144395,동서,20191231,20200304,700,20201231,20210310
26960,144395,동서,20201231,20210310,700,20211231,20220308
26960,144395,동서,20211231,20220308,700,20221231,20230307
26960,144395,동서,20221231,20230307,730,20231231,20240306
8770,165680,호텔신라,20181231,20190419,350,20191231,20200417
8770,165680,호텔신라,20191231,20200417,350,20201231,20210416
8770,165680,호텔신라,20201231,20210416,200,20211231,20220415
8770,165680,호텔신라,20211231,20220415,200,20221231,20230414
8770,165680,호텔신라,20221231,20230414,200,20231231,20240413
103140,684714,풍산,20181231,20190405,600,20191231,20200410
103140,684714,풍산,20191231,20200410,400,20201231,20210407
103140,684714,풍산,20201231,20210407,600,20211231,20220407
103140,684714,풍산,20211231,20220407,1000,20221231,20230406
103140,684714,풍산,20221231,20230406,1000,20231231,20240405
9150,126371,삼성전기,20181231,20190419,1000,20191231,20200417
9150,126371,삼성전기,20191231,20200417,1100,20201231,20210416
9150,126371,삼성전기,20201231,20210416,1400,20211231,20220415
9150,126371,삼성전기,20211231,20220415,2100,20221231,20230414
9150,126371,삼성전기,20221231,20230414,2100,20231231,20240413
112610,670340,씨에스윈드,20181231,20190409,400,20191231,20200401
112610,670340,씨에스윈드,20191231,20200401,460,20201231,20210408
112610,670340,씨에스윈드,20201231,20210408,1000,20211231,20220405
112610,670340,씨에스윈드,20211231,20220405,600,20221231,20230331
112610,670340,씨에스윈드,20221231,20230331,500,20231231,20240330
259960,760971,크래프톤,20211231,20230000,0,20221231,20230000
259960,760971,크래프톤,20221231,20230000,0,20231231,20310101
35720,258801,카카오,20181231,20190422,127,20191231,20200422
35720,258801,카카오,20191231,20200422,127,20201231,20210427
35720,258801,카카오,20201231,20210427,150,20211231,20220427
35720,258801,카카오,20211231,20220427,53,20221231,20230425
35720,258801,카카오,20221231,20230425,60,20231231,20240424
69960,428251,현대백화점,20181231,20190422,900,20191231,20200424
69960,428251,현대백화점,20191231,20200424,1000,20201231,20210423
69960,428251,현대백화점,20201231,20210423,1000,20211231,20220427
69960,428251,현대백화점,20211231,20220427,1100,20221231,20230427
69960,428251,현대백화점,20221231,20230427,1300,20231231,20240426
30000,148276,제일기획,20181231,20190419,770,20191231,20200417
30000,148276,제일기획,20191231,20200417,820,20201231,20210416
30000,148276,제일기획,20201231,20210416,840,20211231,20220415
30000,148276,제일기획,20211231,20220415,990,20221231,20230414
30000,148276,제일기획,20221231,20230414,1150,20231231,20240413
64350,302926,현대로템,20181231,20230000,0,20191231,20230000
64350,302926,현대로템,20191231,20230000,0,20201231,20230000
64350,302926,현대로템,20201231,20230000,0,20211231,20230000
64350,302926,현대로템,20211231,20230000,0,20221231,20310101
3230,126955,삼양식품,20181231,20190422,400,20191231,20200420
3230,126955,삼양식품,20191231,20200420,800,20201231,20210422
3230,126955,삼양식품,20201231,20210422,800,20211231,20220420
3230,126955,삼양식품,20211231,20220420,1000,20220629,20220901
3230,126955,삼양식품,20220629,20220901,800,20221231,20230421
3230,126955,삼양식품,20221231,20230421,600,20230704,20231023
161390,937324,한국타이어앤테크놀로지,20181231,20190423,450,20191231,20200422
161390,937324,한국타이어앤테크놀로지,20191231,20200422,550,20201231,20210422
161390,937324,한국타이어앤테크놀로지,20201231,20210422,650,20211231,20220426
161390,937324,한국타이어앤테크놀로지,20211231,20220426,700,20221231,20230426
161390,937324,한국타이어앤테크놀로지,20221231,20230426,800,20231231,20240425
161890,939331,한국콜마,20181231,20190417,330,20191231,20200420
161890,939331,한국콜마,20191231,20200420,330,20201231,20210423
161890,939331,한국콜마,20201231,20210423,345,20211231,20220422
161890,939331,한국콜마,20211231,20220422,415,20221231,20230407
161890,939331,한국콜마,20221231,20230407,500,20231231,20240406
32350,231372,롯데관광개발,20181231,20230000,0,20191231,20230000
32350,231372,롯데관광개발,20191231,20230000,0,20201231,20230000
32350,231372,롯데관광개발,20201231,20230000,0,20211231,20230000
32350,231372,롯데관광개발,20211231,20230000,0,20221231,20230000
32350,231372,롯데관광개발,20221231,20230000,0,20231231,20310101
69620,427483,대웅제약,20181231,20190419,600,20191231,20200416
69620,427483,대웅제약,20191231,20200416,600,20201231,20210409
69620,427483,대웅제약,20201231,20210409,600,20211231,20220408
69620,427483,대웅제약,20211231,20220408,600,20221231,20230407
69620,427483,대웅제약,20221231,20230407,600,20181231,20190419
69620,427483,대웅제약,20181231,20190419,600,20191231,20200416
69620,427483,대웅제약,20191231,20200416,600,20201231,20210409
69620,427483,대웅제약,20201231,20210409,600,20211231,20220408
69620,427483,대웅제약,20211231,20220408,600,20221231,20230407
69620,427483,대웅제약,20221231,20230407,600,20231231,20240406
3090,111810,대웅,20181231,20190419,100,20191231,20200416
3090,111810,대웅,20191231,20200416,100,20201231,20210409
3090,111810,대웅,20201231,20210409,100,20211231,20220408
3090,111810,대웅,20211231,20220408,100,20221231,20230407
3090,111810,대웅,20221231,20230407,100,20231231,20240406
18260,126186,삼성에스디에스,20181231,20190419,2000,20191231,20200417
18260,126186,삼성에스디에스,20191231,20200417,2400,20201231,20210416
18260,126186,삼성에스디에스,20201231,20210416,2400,20211231,20220415
18260,126186,삼성에스디에스,20211231,20220415,2400,20221231,20230414
18260,126186,삼성에스디에스,20221231,20230414,3200,20231231,20240413
240,160047,한국앤컴퍼니,20181231,20190423,300,20191231,20200422
240,160047,한국앤컴퍼니,20191231,20200422,350,20201231,20210423
240,160047,한국앤컴퍼니,20201231,20210423,500,20211231,20220428
240,160047,한국앤컴퍼니,20211231,20220428,600,20221231,20230428
240,160047,한국앤컴퍼니,20221231,20230428,650,20231231,20240427
20000,188089,한섬,20181231,20190429,400,20191231,20200424
20000,188089,한섬,20191231,20200424,450,20201231,20210422
20000,188089,한섬,20201231,20210422,450,20211231,20220422
20000,188089,한섬,20211231,20220422,600,20221231,20230421
20000,188089,한섬,20221231,20230421,750,20231231,20240420
139130,878915,DGB금융지주,20181231,20190412,360,20191231,20200410
139130,878915,DGB금융지주,20191231,20200410,410,20201231,20210409
139130,878915,DGB금융지주,20201231,20210409,390,20211231,20220411
139130,878915,DGB금융지주,20211231,20220411,630,20221231,20230413
139130,878915,DGB금융지주,20221231,20230413,650,20231231,20240412
5380,164742,현대자동차,20180630,20180814,1000,20181231,20190419
5380,164742,현대자동차,20181231,20190419,3000,20190630,20190809
5380,164742,현대자동차,20190630,20190809,1000,20191231,20200417
5380,164742,현대자동차,20191231,20200417,3000,20201231,20210423
5380,164742,현대자동차,20201231,20210423,3000,20210630,20210810
5380,164742,현대자동차,20210630,20210810,1000,20211231,20220422
5380,164742,현대자동차,20211231,20220422,4000,20220630,20220809
5380,164742,현대자동차,20220630,20220809,1000,20221231,20230421
5380,164742,현대자동차,20221231,20230421,6000,20230703,20231022
11780,106368,금호석유화학,20181231,20190405,1350,20191231,20200325
11780,106368,금호석유화학,20191231,20200325,1500,20201231,20210409
11780,106368,금호석유화학,20201231,20210409,4200,20211231,20220421
11780,106368,금호석유화학,20211231,20220421,10000,20221231,20230421
11780,106368,금호석유화학,20221231,20230421,5400,20231231,20240420
36460,261285,한국가스공사,20181231,20190411,1360,20191231,20200414
36460,261285,한국가스공사,20191231,20200414,380,20201231,20230000
36460,261285,한국가스공사,20201231,20230000,0,20211231,20220419
36460,261285,한국가스공사,20211231,20220419,2728,20221231,20230000
36460,261285,한국가스공사,20221231,20230000,0,20231231,20310101
28670,122737,팬오션,20181231,20230000,0,20191231,20230000
28670,122737,팬오션,20191231,20230000,0,20201231,20210423
28670,122737,팬오션,20201231,20210423,50,20211231,20220415
28670,122737,팬오션,20211231,20220415,100,20221231,20230414
28670,122737,팬오션,20221231,20230414,150,20231231,20240413
3850,123143,보령,20181231,20190417,60,20191231,20200414
3850,123143,보령,20191231,20200414,100,20201231,20210414
3850,123143,보령,20201231,20210414,100,20211231,20220412
3850,123143,보령,20211231,20220412,100,20221231,20230411
3850,123143,보령,20221231,20230411,100,20231231,20240410
16360,104856,삼성증권,20181231,20190418,1400,20191231,20200417
16360,104856,삼성증권,20191231,20200417,1700,20201231,20210414
16360,104856,삼성증권,20201231,20210414,2200,20211231,20220414
16360,104856,삼성증권,20211231,20220414,3800,20221231,20230413
16360,104856,삼성증권,20221231,20230413,1700,20231231,20240412
57050,412597,현대홈쇼핑,20211231,20220425,2400,20221231,20230424
57050,412597,현대홈쇼핑,20221231,20230424,2600,20181231,20190429
57050,412597,현대홈쇼핑,20181231,20190429,1900,20191231,20200423
57050,412597,현대홈쇼핑,20191231,20200423,2000,20201231,20210423
57050,412597,현대홈쇼핑,20201231,20210423,2200,20220101,20220424
105630,728638,한세실업,20181231,20190409,450,20191231,20200427
105630,728638,한세실업,20191231,20200427,500,20201231,20210420
105630,728638,한세실업,20201231,20210420,500,20211231,20220411
105630,728638,한세실업,20211231,20220411,500,20221231,20230410
105630,728638,한세실업,20221231,20230410,500,20231231,20240409
670,141307,영풍,20181231,20190401,10000,20191231,20200331
670,141307,영풍,20191231,20200331,10000,20201231,20210401
670,141307,영풍,20201231,20210401,10000,20211231,20220401
670,141307,영풍,20211231,20220401,10000,20221231,20230329
670,141307,영풍,20221231,20230329,10000,20231231,20240328
720,164478,현대건설,20181231,20190415,500,20191231,20200417
720,164478,현대건설,20191231,20200417,600,20201231,20210423
720,164478,현대건설,20201231,20210423,600,20211231,20220422
720,164478,현대건설,20211231,20220422,600,20221231,20230421
720,164478,현대건설,20221231,20230421,600,20231231,20240420
29780,126292,삼성카드,20181231,20190417,1600,20191231,20200416
29780,126292,삼성카드,20191231,20200416,1600,20201231,20210415
29780,126292,삼성카드,20201231,20210415,1800,20211231,20220414
29780,126292,삼성카드,20211231,20220414,2300,20221231,20230413
29780,126292,삼성카드,20221231,20230413,2500,20231231,20240412
28050,126308,삼성엔지니어링,20181231,20230000,0,20191231,20230000
28050,126308,삼성엔지니어링,20191231,20230000,0,20201231,20230000
28050,126308,삼성엔지니어링,20201231,20230000,0,20211231,20230000
28050,126308,삼성엔지니어링,20211231,20230000,0,20221231,20310101
68270,413046,셀트리온,20181231,20230000,0,20191231,20230000
68270,413046,셀트리온,20191231,20230000,0,20201231,20230000
68270,413046,셀트리온,20201231,20230000,0,20211231,20220422
68270,413046,셀트리온,20211231,20220422,750,20221231,20230424
68270,413046,셀트리온,20221231,20230424,375,20231231,20240423
6650,260383,대한유화,20181231,20190318,4000,20191231,20200317
6650,260383,대한유화,20191231,20200317,2500,20201231,20210322
6650,260383,대한유화,20201231,20210322,3000,20211231,20220321
6650,260383,대한유화,20211231,20220321,3500,20221231,20230320
6650,260383,대한유화,20221231,20230320,1000,20231231,20240319
100,145109,유한양행,20181231,20190328,2000,20191231,20200403
100,145109,유한양행,20191231,20200403,2000,20201231,20210402
100,145109,유한양행,20201231,20210402,400,20211231,20220401
100,145109,유한양행,20211231,20220401,400,20221231,20230406
100,145109,유한양행,20221231,20230406,400,20231231,20240405
1120,120076,LX인터내셔널,20181231,20190410,250,20191231,20200423
1120,120076,LX인터내셔널,20191231,20200423,300,20201231,20210422
1120,120076,LX인터내셔널,20201231,20210422,400,20211231,20220420
1120,120076,LX인터내셔널,20211231,20220420,2300,20221231,20230419
1120,120076,LX인터내셔널,20221231,20230419,3000,20231231,20240418
6800,111722,미래에셋증권,20181231,20190412,220,20191231,20200409
6800,111722,미래에셋증권,20191231,20200409,260,20201231,20210413
6800,111722,미래에셋증권,20201231,20210413,200,20211231,20220414
6800,111722,미래에셋증권,20211231,20220414,300,20221231,20230411
6800,111722,미래에셋증권,20221231,20230411,200,20231231,20240410
12330,164788,현대모비스,20181231,20190419,4000,20190630,20190809
12330,164788,현대모비스,20190630,20190809,1000,20191231,20200417
12330,164788,현대모비스,20191231,20200417,3000,20201231,20210423
12330,164788,현대모비스,20201231,20210423,4000,20210630,20210811
12330,164788,현대모비스,20210630,20210811,1000,20211231,20220422
12330,164788,현대모비스,20211231,20220422,3000,20220630,20220810
12330,164788,현대모비스,20220630,20220810,1000,20221231,20230421
12330,164788,현대모비스,20221231,20230421,3000,20230703,20231022
175330,980122,JB금융지주,20181231,20190419,180,20191231,20200417
175330,980122,JB금융지주,20191231,20200417,300,20201231,20210421
175330,980122,JB금융지주,20201231,20210421,374,20211231,20220413
175330,980122,JB금융지주,20211231,20220413,599,20220630,20220809
175330,980122,JB금융지주,20220630,20220809,120,20221231,20230410
175330,980122,JB금융지주,20221231,20230410,715,20230703,20231011
6280,129679,녹십자,20181231,20190405,1000,20191231,20200402
6280,129679,녹십자,20191231,20200402,1000,20201231,20210402
6280,129679,녹십자,20201231,20210402,1500,20211231,20220408
6280,129679,녹십자,20211231,20220408,2000,20221231,20230407
6280,129679,녹십자,20221231,20230407,1750,20231231,20240406
5250,108135,녹십자홀딩스,20181231,20190405,250,20191231,20200402
5250,108135,녹십자홀딩스,20191231,20200402,325,20201231,20210402
5250,108135,녹십자홀딩스,20201231,20210402,500,20211231,20220408
5250,108135,녹십자홀딩스,20211231,20220408,400,20221231,20230407
5250,108135,녹십자홀딩스,20221231,20230407,300,20181231,20190405
5250,108135,녹십자홀딩스,20181231,20190405,250,20191231,20200402
5250,108135,녹십자홀딩스,20191231,20200402,325,20201231,20210402
5250,108135,녹십자홀딩스,20201231,20210402,500,20211231,20220408
5250,108135,녹십자홀딩스,20211231,20220408,400,20221231,20230407
5250,108135,녹십자홀딩스,20221231,20230407,300,20231231,20240406
7310,141529,오뚜기,20181231,20190415,7500,20191231,20200413
7310,141529,오뚜기,20191231,20200413,7500,20201231,20210412
7310,141529,오뚜기,20201231,20210412,8000,20211231,20220411
7310,141529,오뚜기,20211231,20220411,8000,20221231,20230412
7310,141529,오뚜기,20221231,20230412,9000,20231231,20240411
271560,1238169,오리온,20181231,20190415,600,20191231,20200408
271560,1238169,오리온,20191231,20200408,600,20201231,20210406
271560,1238169,오리온,20201231,20210406,750,20211231,20220419
271560,1238169,오리온,20211231,20220419,750,20221231,20230418
271560,1238169,오리온,20221231,20230418,950,20231231,20240417
180640,983040,한진칼,20181231,20190429,300,20191231,20200427
180640,983040,한진칼,20191231,20200427,255,20201231,20230000
180640,983040,한진칼,20201231,20230000,0,20211231,20230000
180640,983040,한진칼,20211231,20230000,0,20221231,20230421
180640,983040,한진칼,20221231,20230421,170,20231231,20240420
93370,595191,후성,20181231,20230000,0,20191231,20200408
93370,595191,후성,20191231,20200408,15,20201231,20230000
93370,595191,후성,20201231,20230000,0,20211231,20220407
93370,595191,후성,20211231,20220407,15,20221231,20230406
93370,595191,후성,20221231,20230406,20,20231231,20240405
34220,105873,LG디스플레이,20191231,20230000,0,20201231,20230000
34220,105873,LG디스플레이,20201231,20230000,0,20211231,20220419
34220,105873,LG디스플레이,20211231,20220419,650,20191231,20230000
34220,105873,LG디스플레이,20191231,20230000,0,20201231,20230000
34220,105873,LG디스플레이,20201231,20230000,0,20211231,20220419
34220,105873,LG디스플레이,20211231,20220419,650,20221231,20230419
51900,356370,LG생활건강,20181231,20190402,9250,20191231,20200403
51900,356370,LG생활건강,20191231,20200403,11000,20201231,20210405
51900,356370,LG생활건강,20201231,20210405,11000,20211231,20220405
51900,356370,LG생활건강,20211231,20220405,12000,20221231,20230405
51900,356370,LG생활건강,20221231,20230405,4000,20181231,20190402
51900,356370,LG생활건강,20181231,20190402,9250,20191231,20200403
51900,356370,LG생활건강,20191231,20200403,11000,20201231,20210405
51900,356370,LG생활건강,20201231,20210405,11000,20211231,20220405
51900,356370,LG생활건강,20211231,20220405,12000,20221231,20230405
51900,356370,LG생활건강,20221231,20230405,4000,20231231,20240404
51910,356361,LG화학,20181231,20190411,6000,20191231,20200416
51910,356361,LG화학,20191231,20200416,2000,20201231,20210422
51910,356361,LG화학,20201231,20210422,10000,20211231,20220421
51910,356361,LG화학,20211231,20220421,12000,20221231,20230426
51910,356361,LG화학,20221231,20230426,10000,20181231,20190411
51910,356361,LG화학,20181231,20190411,6000,20191231,20200416
51910,356361,LG화학,20191231,20200416,2000,20201231,20210422
51910,356361,LG화학,20201231,20210422,10000,20211231,20220421
51910,356361,LG화학,20211231,20220421,12000,20221231,20230426
51910,356361,LG화학,20221231,20230426,10000,20231231,20240425
66570,401731,LG전자,20181231,20190415,750,20191231,20200424
66570,401731,LG전자,20191231,20200424,750,20201231,20210423
66570,401731,LG전자,20201231,20210423,1200,20211231,20220422
66570,401731,LG전자,20211231,20220422,850,20221231,20230426
66570,401731,LG전자,20221231,20230426,700,20181231,20190415
66570,401731,LG전자,20181231,20190415,750,20191231,20200424
66570,401731,LG전자,20191231,20200424,750,20201231,20210423
66570,401731,LG전자,20201231,20210423,1200,20211231,20220422
66570,401731,LG전자,20211231,20220422,850,20221231,20230426
66570,401731,LG전자,20221231,20230426,700,20231231,20240425
3550,120021,LG,20181231,20190416,2000,20191231,20200420
3550,120021,LG,20191231,20200420,2200,20201231,20210420
3550,120021,LG,20201231,20210420,2500,20211231,20220412
3550,120021,LG,20211231,20220412,2800,20221231,20230412
3550,120021,LG,20221231,20230412,3000,20231231,20240411
3490,113526,대한항공,20181231,20190426,250,20191231,20230000
3490,113526,대한항공,20191231,20230000,0,20201231,20230000
3490,113526,대한항공,20201231,20230000,0,20211231,20230000
3490,113526,대한항공,20211231,20230000,0,20221231,20230421
3490,113526,대한항공,20221231,20230421,750,20231231,20240420
21240,170558,코웨이,20180331,20180515,800,20180630,20180814
21240,170558,코웨이,20180630,20180814,800,20180930,20181113
21240,170558,코웨이,20180930,20181113,800,20181231,20190415
21240,170558,코웨이,20181231,20190415,1200,20190331,20190514
21240,170558,코웨이,20190331,20190514,800,20190630,20190814
21240,170558,코웨이,20190630,20190814,800,20190930,20191114
21240,170558,코웨이,20190930,20191114,800,20191231,20230000
21240,170558,코웨이,20191231,20230000,0,20201231,20210429
21240,170558,코웨이,20201231,20210429,1200,20211231,20220428
21240,170558,코웨이,20211231,20220428,1250,20221231,20230427
21240,170558,코웨이,20221231,20230427,1300,20231231,20240426
39130,269940,하나투어,20180630,20180727,700,20181231,20190405
39130,269940,하나투어,20181231,20190405,600,20190630,20190726
39130,269940,하나투어,20190630,20190726,600,20191231,20200409
39130,269940,하나투어,20191231,20200409,400,20201231,20230000
39130,269940,하나투어,20201231,20230000,0,20211231,20230000
39130,269940,하나투어,20211231,20230000,0,20221231,20310101
381970,1323032,케이카,20211231,20220422,750,20220331,20220520
381970,1323032,케이카,20220331,20220520,190,20220630,20220823
381970,1323032,케이카,20220630,20220823,190,20220930,20221123
381970,1323032,케이카,20220930,20221123,190,20221231,20230425
381970,1323032,케이카,20221231,20230425,190,20230331,20230523
381970,1323032,케이카,20230331,20230523,190,20230630,20230000
381970,1323032,케이카,20230630,20230000,0,20230929,20300402
86790,547583,하나금융지주,20180630,20180731,400,20181231,20190329
86790,547583,하나금융지주,20181231,20190329,1500,20190630,20190812
86790,547583,하나금융지주,20190630,20190812,500,20191231,20200408
86790,547583,하나금융지주,20191231,20200408,1600,20200630,20200806
86790,547583,하나금융지주,20200630,20200806,500,20201231,20210413
86790,547583,하나금융지주,20201231,20210413,1350,20210630,20210806
86790,547583,하나금융지주,20210630,20210806,700,20211231,20220412
86790,547583,하나금융지주,20211231,20220412,2400,20220630,20220810
86790,547583,하나금융지주,20220630,20220810,800,20221231,20230410
86790,547583,하나금융지주,20221231,20230410,2550,20230331,20230512
86790,547583,하나금융지주,20230331,20230512,600,20230629,20230810
5940,120182,NH투자증권,20181231,20190416,500,20191231,20200413
5940,120182,NH투자증권,20191231,20200413,500,20201231,20210414
5940,120182,NH투자증권,20201231,20210414,700,20211231,20220413
5940,120182,NH투자증권,20211231,20220413,1050,20221231,20230413
5940,120182,NH투자증권,20221231,20230413,700,20231231,20240412
2380,105271,케이씨씨,20210630,20210804,1000,20211231,20220415
2380,105271,케이씨씨,20211231,20220415,6000,20220630,20220810
2380,105271,케이씨씨,20220630,20220810,1000,20221231,20230414
2380,105271,케이씨씨,20221231,20230414,7000,20180630,20180808
2380,105271,케이씨씨,20180630,20180808,1000,20181231,20190426
2380,105271,케이씨씨,20181231,20190426,8000,20190630,20190731
2380,105271,케이씨씨,20190630,20190731,1000,20191231,20200424
2380,105271,케이씨씨,20191231,20200424,4500,20200630,20200818
2380,105271,케이씨씨,20200630,20200818,700,20201231,20210428
2380,105271,케이씨씨,20201231,20210428,5000,20210703,20211029
34020,159616,두산에너빌리티,20181231,20190426,0,20191231,20230000
34020,159616,두산에너빌리티,20191231,20230000,0,20201231,20230000
34020,159616,두산에너빌리티,20201231,20230000,0,20211231,20230000
34020,159616,두산에너빌리티,20211231,20230000,0,20221231,20230000
34020,159616,두산에너빌리티,20221231,20230000,0,20181231,20190426
34020,159616,두산에너빌리티,20181231,20190426,0,20191231,20230000
34020,159616,두산에너빌리티,20191231,20230000,0,20201231,20230000
34020,159616,두산에너빌리티,20201231,20230000,0,20211231,20230000
34020,159616,두산에너빌리티,20211231,20230000,0,20221231,20230000
34020,159616,두산에너빌리티,20221231,20230000,0,20231231,20310101
150,117212,두산,20180331,20180516,1300,20180630,20180814
150,117212,두산,20180630,20180814,1300,20180930,20181126
150,117212,두산,20180930,20181126,1300,20181231,20190426
150,117212,두산,20181231,20190426,1300,20190331,20190515
150,117212,두산,20190331,20190515,1300,20190630,20190814
150,117212,두산,20190630,20190814,1300,20190930,20191106
150,117212,두산,20190930,20191106,1300,20191231,20200429
150,117212,두산,20191231,20200429,1300,20201231,20210429
150,117212,두산,20201231,20210429,2000,20211231,20220428
150,117212,두산,20211231,20220428,2000,20221231,20230428
150,117212,두산,20221231,20230428,2000,20231231,20240427
352820,1204056,하이브,20201231,20230000,0,20211231,20230000
352820,1204056,하이브,20211231,20230000,0,20221231,20310101
270,106641,기아,20181231,20190415,900,20191231,20200424
270,106641,기아,20191231,20200424,1150,20201231,20210422
270,106641,기아,20201231,20210422,1000,20211231,20220429
270,106641,기아,20211231,20220429,3000,20221231,20230417
270,106641,기아,20221231,20230417,3500,20231231,20240416
207940,877059,삼성바이오로직스,20181231,20230000,0,20191231,20230000
207940,877059,삼성바이오로직스,20191231,20230000,0,20201231,20230000
207940,877059,삼성바이오로직스,20201231,20230000,0,20211231,20230000
207940,877059,삼성바이오로직스,20211231,20230000,0,20221231,20310101
23530,120526,롯데쇼핑,20181231,20190429,5200,20191231,20200427
23530,120526,롯데쇼핑,20191231,20200427,3800,20201231,20210423
23530,120526,롯데쇼핑,20201231,20210423,2800,20211231,20220422
23530,120526,롯데쇼핑,20211231,20220422,2800,20221231,20230428
23530,120526,롯데쇼핑,20221231,20230428,3300,20231231,20240427
12450,126566,한화에어로스페이스,20181231,20230000,0,20191231,20230000
12450,126566,한화에어로스페이스,20191231,20230000,0,20201231,20210406
12450,126566,한화에어로스페이스,20201231,20210406,600,20211231,20220406
12450,126566,한화에어로스페이스,20211231,20220406,700,20221231,20230407
12450,126566,한화에어로스페이스,20221231,20230407,1000,20181231,20230000
12450,126566,한화에어로스페이스,20181231,20230000,0,20191231,20230000
12450,126566,한화에어로스페이스,20191231,20230000,0,20201231,20210406
12450,126566,한화에어로스페이스,20201231,20210406,600,20211231,20220406
12450,126566,한화에어로스페이스,20211231,20220406,700,20221231,20230407
12450,126566,한화에어로스페이스,20221231,20230407,1000,20231231,20240406
4990,120562,롯데지주,20181231,20190426,800,20190630,20190823
4990,120562,롯데지주,20190630,20190823,300,20191231,20200424
4990,120562,롯데지주,20191231,20200424,800,20201231,20210423
4990,120562,롯데지주,20201231,20210423,1000,20211231,20220422
4990,120562,롯데지주,20211231,20220422,1500,20221231,20230428
4990,120562,롯데지주,20221231,20230428,1500,20231231,20240427
17800,164724,현대엘리베이터,20181231,20190405,900,20191231,20200402
17800,164724,현대엘리베이터,20191231,20200402,900,20201231,20210408
17800,164724,현대엘리베이터,20201231,20210408,800,20211231,20220408
17800,164724,현대엘리베이터,20211231,20220408,800,20221231,20230407
17800,164724,현대엘리베이터,20221231,20230407,500,20231231,20240406
73240,481454,금호타이어,20181231,20230000,0,20191231,20230000
73240,481454,금호타이어,20191231,20230000,0,20201231,20230000
73240,481454,금호타이어,20201231,20230000,0,20211231,20230000
73240,481454,금호타이어,20211231,20230000,0,20221231,20230000
73240,481454,금호타이어,20221231,20230000,0,20231231,20310101
8930,161426,한미사이언스,20181231,20190412,200,20191231,20200403
8930,161426,한미사이언스,20191231,20200403,200,20201231,20210405
8930,161426,한미사이언스,20201231,20210405,200,20211231,20220406
8930,161426,한미사이언스,20211231,20220406,200,20221231,20230405
8930,161426,한미사이언스,20221231,20230405,200,20231231,20240404
14680,140955,한솔케미칼,20181231,20190418,1200,20191231,20200409
14680,140955,한솔케미칼,20191231,20200409,1500,20201231,20210408
14680,140955,한솔케미칼,20201231,20210408,1800,20211231,20220407
14680,140955,한솔케미칼,20211231,20220407,2100,20221231,20230407
14680,140955,한솔케미칼,20221231,20230407,2100,20231231,20240406
30200,190321,케이티,20181231,20190426,1100,20191231,20200422
30200,190321,케이티,20191231,20200422,1100,20201231,20210427
30200,190321,케이티,20201231,20210427,1350,20211231,20220427
30200,190321,케이티,20211231,20220427,1910,20221231,20230427
30200,190321,케이티,20221231,20230427,1960,20231231,20240426
19170,137359,신풍제약,20181231,20230000,0,20191231,20230000
19170,137359,신풍제약,20191231,20230000,0,20201231,20210423
19170,137359,신풍제약,20201231,20210423,100,20211231,20230000
19170,137359,신풍제약,20211231,20230000,0,20221231,20310101
86280,360595,현대글로비스,20181231,20190412,3300,20191231,20200417
86280,360595,현대글로비스,20191231,20200417,3500,20201231,20210423
86280,360595,현대글로비스,20201231,20210423,3500,20211231,20220422
86280,360595,현대글로비스,20211231,20220422,3800,20221231,20230428
86280,360595,현대글로비스,20221231,20230428,5700,20231231,20240427
36570,261443,엔씨소프트,20191231,20200424,5220,20201231,20210423
36570,261443,엔씨소프트,20201231,20210423,8550,20211231,20220429
36570,261443,엔씨소프트,20211231,20220429,5860,20221231,20230428
36570,261443,엔씨소프트,20221231,20230428,6680,20181231,20190425
36570,261443,엔씨소프트,20181231,20190425,6050,20141231,20150425
241590,1128613,화승엔터프라이즈,20181231,20190410,35,20191231,20200410
241590,1128613,화승엔터프라이즈,20191231,20200410,45,20201231,20210409
241590,1128613,화승엔터프라이즈,20201231,20210409,45,20211231,20220408
241590,1128613,화승엔터프라이즈,20211231,20220408,45,20221231,20230407
241590,1128613,화승엔터프라이즈,20221231,20230407,45,20231231,20240406
139480,872984,이마트,20181231,20190410,2000,20191231,20200420
139480,872984,이마트,20191231,20200420,2000,20201231,20210421
139480,872984,이마트,20201231,20210421,2000,20211231,20220422
139480,872984,이마트,20211231,20220422,2000,20221231,20230421
139480,872984,이마트,20221231,20230421,2000,20231231,20240420
47050,124504,포스코인터내셔널,20181231,20190405,600,20191231,20200429
47050,124504,포스코인터내셔널,20191231,20200429,700,20201231,20210414
47050,124504,포스코인터내셔널,20201231,20210414,700,20211231,20220420
47050,124504,포스코인터내셔널,20211231,20220420,800,20221231,20230419
47050,124504,포스코인터내셔널,20221231,20230419,1000,20231231,20240418
15760,159193,한국전력공사,20181231,20230000,0,20191231,20230000
15760,159193,한국전력공사,20191231,20230000,0,20201231,20210421
15760,159193,한국전력공사,20201231,20210421,1216,20211231,20230000
15760,159193,한국전력공사,20211231,20230000,0,20221231,20230000
15760,159193,한국전력공사,20221231,20230000,0,20231231,20310101
280360,1258507,롯데웰푸드,20201231,20210422,1600,20211231,20220422
280360,1258507,롯데웰푸드,20211231,20220422,1600,20221231,20230421
280360,1258507,롯데웰푸드,20221231,20230421,2300,20181231,20190426
280360,1258507,롯데웰푸드,20181231,20190426,1300,20191231,20200424
280360,1258507,롯데웰푸드,20191231,20200424,1300,20201230,20210424
20150,113997,롯데에너지머티리얼즈,20221231,20230420,300,20181231,20230000
20150,113997,롯데에너지머티리얼즈,20181231,20230000,0,20191231,20200424
20150,113997,롯데에너지머티리얼즈,20191231,20200424,50,20201231,20210415
20150,113997,롯데에너지머티리얼즈,20201231,20210415,200,20211231,20220415
20150,113997,롯데에너지머티리얼즈,20211231,20220415,300,20221231,20230415
192820,1009789,코스맥스,20181231,20190404,600,20191231,20200409
192820,1009789,코스맥스,20191231,20200409,900,20201231,20230000
192820,1009789,코스맥스,20201231,20230000,0,20211231,20220407
192820,1009789,코스맥스,20211231,20220407,550,20221231,20230407
5300,120571,롯데칠성음료,20181231,20190426,27000,20191231,20200424
5300,120571,롯데칠성음료,20191231,20200424,2700,20201231,20210422
5300,120571,롯데칠성음료,20201231,20210422,2700,20211231,20220422
5300,120571,롯데칠성음료,20211231,20220422,3000,20221231,20230421
5300,120571,롯데칠성음료,20221231,20230421,3300,20231231,20240420
4370,108241,농심,20181231,20190415,4000,20191231,20200420
4370,108241,농심,20191231,20200420,4000,20201231,20210426
4370,108241,농심,20201231,20210426,4000,20211231,20220425
4370,108241,농심,20211231,20220425,4000,20221231,20230424
4370,108241,농심,20221231,20230424,5000,20231231,20240423
69260,426086,티케이지휴켐스,20181231,20190419,1200,20191231,20200424
69260,426086,티케이지휴켐스,20191231,20200424,1000,20201231,20210423
69260,426086,티케이지휴켐스,20201231,20210423,1000,20211231,20220422
69260,426086,티케이지휴켐스,20211231,20220422,1000,20221231,20230421
69260,426086,티케이지휴켐스,20221231,20230421,1000,20231231,20240420
316140,1350869,우리금융지주,20191231,20200410,700,20201231,20210413
316140,1350869,우리금융지주,20201231,20210413,360,20210730,20210819
316140,1350869,우리금융지주,20210730,20210819,150,20211231,20220414
316140,1350869,우리금융지주,20211231,20220414,750,20220630,20220811
316140,1350869,우리금융지주,20220630,20220811,150,20221231,20230414
316140,1350869,우리금융지주,20221231,20230414,980,20230703,20231015
11170,165413,롯데케미칼,20181231,20190426,10500,20191231,20200424
11170,165413,롯데케미칼,20191231,20200424,6700,20201231,20210422
11170,165413,롯데케미칼,20201231,20210422,3600,20211231,20220422
11170,165413,롯데케미칼,20211231,20220422,8300,20221231,20230428
11170,165413,롯데케미칼,20221231,20230428,3500,20231231,20240427
251270,904672,넷마블,20181231,20230000,0,20191231,20230000
251270,904672,넷마블,20191231,20230000,0,20201231,20210409
251270,904672,넷마블,20201231,20210409,767,20211231,20220411
251270,904672,넷마블,20211231,20220411,528,20221231,20230411
3670,155276,포스코퓨처엠,20211231,20220420,300,20221231,20230419
3670,155276,포스코퓨처엠,20221231,20230419,300,20181231,20190417
3670,155276,포스코퓨처엠,20181231,20190417,400,20191231,20200428
3670,155276,포스코퓨처엠,20191231,20200428,400,20201231,20210414
3670,155276,포스코퓨처엠,20201231,20210414,300,20220101,20220415
10120,105855,엘에스일렉트릭,20181231,20190411,1200,20191231,20200409
10120,105855,엘에스일렉트릭,20191231,20200409,1200,20201231,20210408
10120,105855,엘에스일렉트릭,20201231,20210408,1100,20211231,20220407
10120,105855,엘에스일렉트릭,20211231,20220407,1000,20221231,20230406
10120,105855,엘에스일렉트릭,20221231,20230406,1100,20231231,20240405
6040,118026,동원산업,20181231,20190412,3000,20191231,20200421
6040,118026,동원산업,20191231,20200421,2000,20201231,20210423
6040,118026,동원산업,20201231,20210423,5000,20211231,20220422
6040,118026,동원산업,20211231,20220422,5000,20221231,20230418
6040,118026,동원산업,20221231,20230418,1100,20231231,20240417
4490,133858,세방전지,20181231,20190410,500,20191231,20200408
4490,133858,세방전지,20191231,20200408,500,20201231,20210414
4490,133858,세방전지,20201231,20210414,500,20211231,20220413
4490,133858,세방전지,20211231,20220413,600,20221231,20230405
4490,133858,세방전지,20221231,20230405,600,20231231,20240404
9830,162461,한화솔루션,20181231,20190405,200,20191231,20200402
9830,162461,한화솔루션,20191231,20200402,200,20201231,20230000
9830,162461,한화솔루션,20201231,20230000,0,20211231,20230000
9830,162461,한화솔루션,20211231,20230000,0,20181231,20190405
9830,162461,한화솔루션,20181231,20190405,200,20191231,20200402
9830,162461,한화솔루션,20191231,20200402,200,20201231,20230000
9830,162461,한화솔루션,20201231,20230000,0,20211231,20230000
9830,162461,한화솔루션,20211231,20230000,0,20221231,20310101
880,160588,한화,20181231,20190405,700,20191231,20200403
880,160588,한화,20191231,20200403,700,20201231,20210407
880,160588,한화,20201231,20210407,700,20211231,20220408
880,160588,한화,20211231,20220408,750,20221231,20230407
880,160588,한화,20221231,20230407,750,20231231,20240406
42660,111704,대우조선해양,20181231,20230000,0,20191231,20230000
42660,111704,대우조선해양,20191231,20230000,0,20201231,20230000
42660,111704,대우조선해양,20201231,20230000,0,20211231,20230000
42660,111704,대우조선해양,20211231,20230000,0,20221231,20310101
10130,102858,고려아연,20181231,20190329,11000,20191231,20200331
10130,102858,고려아연,20191231,20200331,14000,20201231,20210401
10130,102858,고려아연,20201231,20210401,15000,20211231,20220401
10130,102858,고려아연,20211231,20220401,20000,20221231,20230330
10130,102858,고려아연,20221231,20230330,20000,20231231,20240329
10140,126478,삼성중공업,20181231,20230000,0,20191231,20230000
10140,126478,삼성중공업,20191231,20230000,0,20201231,20230000
10140,126478,삼성중공업,20201231,20230000,0,20211231,20230000
10140,126478,삼성중공업,20211231,20230000,0,20221231,20310101
28260,149655,삼성물산,20181231,20190419,2000,20191231,20200417
28260,149655,삼성물산,20191231,20200417,2000,20201231,20210416
28260,149655,삼성물산,20201231,20210416,2300,20211231,20220415
28260,149655,삼성물산,20211231,20220415,4200,20221231,20230414
28260,149655,삼성물산,20221231,20230414,2300,20231231,20240413
2790,154462,아모레퍼시픽그룹,20181231,20190412,310,20191231,20200417
2790,154462,아모레퍼시픽그룹,20191231,20200417,300,20201231,20210416
2790,154462,아모레퍼시픽그룹,20201231,20210416,230,20211231,20220422
2790,154462,아모레퍼시픽그룹,20211231,20220422,450,20221231,20230414
2790,154462,아모레퍼시픽그룹,20221231,20230414,205,20181231,20190412
2790,154462,아모레퍼시픽그룹,20181231,20190412,310,20191231,20200417
2790,154462,아모레퍼시픽그룹,20191231,20200417,300,20201231,20210416
2790,154462,아모레퍼시픽그룹,20201231,20210416,230,20211231,20220422
2790,154462,아모레퍼시픽그룹,20211231,20220422,450,20221231,20230414
2790,154462,아모레퍼시픽그룹,20221231,20230414,205,20231231,20240413
90430,583424,아모레퍼시픽,20181231,20190412,1180,20191231,20200417
90430,583424,아모레퍼시픽,20191231,20200417,1000,20201231,20210416
90430,583424,아모레퍼시픽,20201231,20210416,800,20211231,20220422
90430,583424,아모레퍼시픽,20211231,20220422,980,20221231,20230414
90430,583424,아모레퍼시픽,20221231,20230414,680,20231231,20240413
138930,858364,BNK금융지주,20181231,20190409,300,20191231,20200331
138930,858364,BNK금융지주,20191231,20200331,360,20201231,20210407
138930,858364,BNK금융지주,20201231,20210407,320,20211231,20220406
138930,858364,BNK금융지주,20211231,20220406,560,20221231,20230330
138930,858364,BNK금융지주,20221231,20230330,625,20231231,20240329
271940,972503,일진하이솔루스,20211231,20230000,0,20211231,20230000
1440,113207,대한전선,20181231,20230000,0,20191231,20230000
1440,113207,대한전선,20191231,20230000,0,20201231,20230000
1440,113207,대한전선,20201231,20230000,0,20211231,20230000
1440,113207,대한전선,20211231,20230000,0,20221231,20230000
1440,113207,대한전선,20221231,20230000,0,20231231,20310101
14820,132637,동원시스템즈,20181231,20190412,500,20191231,20200421
14820,132637,동원시스템즈,20191231,20200421,500,20201231,20210416
14820,132637,동원시스템즈,20201231,20210416,600,20211231,20220421
14820,132637,동원시스템즈,20211231,20220421,600,20221231,20230421
14820,132637,동원시스템즈,20221231,20230421,600,20231231,20240420
192080,1010110,더블유게임즈,20181231,20190419,350,20191231,20200420
192080,1010110,더블유게임즈,20191231,20200420,350,20201231,20210419
192080,1010110,더블유게임즈,20201231,20210419,350,20211231,20220415
192080,1010110,더블유게임즈,20211231,20220415,700,20221231,20230414
192080,1010110,더블유게임즈,20221231,20230414,600,20231231,20240413
9420,162586,한올바이오파마,20191231,20230000,0,20201231,20230000
9420,162586,한올바이오파마,20201231,20230000,0,20211231,20230000
9420,162586,한올바이오파마,20211231,20230000,0,20221231,20310101
10620,164609,현대미포조선,20181231,20190424,700,20191231,20200416
10620,164609,현대미포조선,20191231,20200416,350,20201231,20230000
10620,164609,현대미포조선,20201231,20230000,0,20211231,20230000
10620,164609,현대미포조선,20211231,20230000,0,20221231,20230000
10620,164609,현대미포조선,20221231,20230000,0,20231231,20310101
9900,173078,명신산업,20201231,20230000,0,20211231,20230000
9900,173078,명신산업,20211231,20230000,0,20221231,20230000
9900,173078,명신산업,20221231,20230000,0,20231231,20310101
128940,828497,한미약품,20181231,20190412,500,20191231,20200402
128940,828497,한미약품,20191231,20200402,500,20201231,20210402
128940,828497,한미약품,20201231,20210402,500,20211231,20220405
128940,828497,한미약품,20211231,20220405,500,20221231,20230405
128940,828497,한미약품,20221231,20230405,500,20231231,20240404
111770,776820,영원무역,20181231,20190412,350,20191231,20200410
111770,776820,영원무역,20191231,20200410,400,20201231,20210416
111770,776820,영원무역,20201231,20210416,500,20211231,20220413
111770,776820,영원무역,20211231,20220413,1000,20221231,20230413
111770,776820,영원무역,20221231,20230413,1530,20231231,20240412
20560,138792,아시아나항공,20181231,20230000,0,20191231,20230000
20560,138792,아시아나항공,20191231,20230000,0,20201231,20230000
20560,138792,아시아나항공,20201231,20230000,0,20211231,20230000
20560,138792,아시아나항공,20211231,20230000,0,20221231,20310101
47040,124540,대우건설,20181231,20230000,0,20191231,20230000
47040,124540,대우건설,20191231,20230000,0,20201231,20230000
47040,124540,대우건설,20201231,20230000,0,20211231,20230000
47040,124540,대우건설,20211231,20230000,0,20221231,20230000
47040,124540,대우건설,20221231,20230000,0,20231231,20310101
88350,113058,한화생명,20201229,20210330,30,20191227,20200331
88350,113058,한화생명,20191227,20200331,30,20181227,20190402
88350,113058,한화생명,20181227,20190402,100,20171227,20180402
375500,1524093,DL이앤씨,20221228,20230421,1000,20211229,20220420
375500,1524093,DL이앤씨,20211229,20220420,2700,20201230,20210421
1230,114792,동국제강,20221228,20230407,500,20211229,20220408
1230,114792,동국제강,20211229,20220408,400,20201229,20210409
1230,114792,동국제강,20201229,20210409,200,20191230,20200409
660,164779,SK하이닉스,20230629,20230816,300,20230330,20230508
660,164779,SK하이닉스,20230330,20230508,300,20221228,20230427
660,164779,SK하이닉스,20221228,20230427,300,20220929,20221115
660,164779,SK하이닉스,20220929,20221115,300,20220629,20220816
660,164779,SK하이닉스,20220629,20220816,300,20220330,20220517
660,164779,SK하이닉스,20220330,20220517,300,20211229,20220414
660,164779,SK하이닉스,20211229,20220414,1540,20201229,20210415
660,164779,SK하이닉스,20201229,20210415,1170,20191227,20200417
660,164779,SK하이닉스,20191227,20200417,1000,20181227,20190418
660,164779,SK하이닉스,20181227,20190418,1500,20171227,20180418
79550,503668,LIG넥스원,20221228,20230420,1500,20211229,20220420
79550,503668,LIG넥스원,20211229,20220420,1200,20201229,20210420
79550,503668,LIG넥스원,20201229,20210420,900,20191227,20200421
79550,503668,LIG넥스원,20191227,20200421,600,20181227,20190419
79550,503668,LIG넥스원,20181227,20190419,500,20171227,20180419
294870,1310269,HDC현대산업개발,20221228,20230424,600,20211229,20220429
294870,1310269,HDC현대산업개발,20211229,20220429,600,20201229,20210423
294870,1310269,HDC현대산업개발,20201229,20210423,600,20191227,20200424
294870,1310269,HDC현대산업개발,20191227,20200424,500,20181227,20190419
294870,1310269,HDC현대산업개발,20181227,20190419,500,20171227,20180419
105560,688996,KB금융,20230629,20230808,500,20230330,20230511
105560,688996,KB금융,20230330,20230511,510,20221228,20230410
105560,688996,KB금융,20221228,20230410,1450,20220929,20221110
105560,688996,KB금융,20220929,20221110,500,20220629,20220808
105560,688996,KB금융,20220629,20220808,500,20220330,20220509
105560,688996,KB금융,20220330,20220509,500,20211229,20220411
105560,688996,KB금융,20211229,20220411,2190,20210629,20210806
105560,688996,KB금융,20210629,20210806,750,20201229,20210412
105560,688996,KB금융,20201229,20210412,1770,20191227,20200406
105560,688996,KB금융,20191227,20200406,2210,20181227,20190408
105560,688996,KB금융,20181227,20190408,1920,20171227,20180408
300720,1319808,한일시멘트,20221228,20230407,580,20211229,20220408
300720,1319808,한일시멘트,20211229,20220408,540,20201229,20210402
300720,1319808,한일시멘트,20201229,20210402,5100,20191227,20200403
300720,1319808,한일시멘트,20191227,20200403,4700,20181227,20190327
300720,1319808,한일시멘트,20181227,20190327,4500,20171227,20180327
120,113410,CJ대한통운,20221228,20230426,500,20221228,20230426
282330,1263022,BGF리테일,20221228,20230414,4100,20211229,20220415
282330,1263022,BGF리테일,20211229,20220415,3000,20201229,20210414
282330,1263022,BGF리테일,20201229,20210414,2400,20191227,20200414
282330,1263022,BGF리테일,20191227,20200414,2700,20181227,20190415
282330,1263022,BGF리테일,20181227,20190415,2680,20221228,20230414
282330,1263022,BGF리테일,20221228,20230414,4100,20211229,20220415
282330,1263022,BGF리테일,20211229,20220415,3000,20201229,20210414
282330,1263022,BGF리테일,20201229,20210414,2400,20191227,20200414
282330,1263022,BGF리테일,20191227,20200414,2700,20181227,20190415
282330,1263022,BGF리테일,20181227,20190415,2680,20171227,20180415
7070,140177,GS리테일,20221228,20230405,430,20211229,20220405
7070,140177,GS리테일,20211229,20220405,1200,20201229,20210405
7070,140177,GS리테일,20201229,20210405,900,20191227,20200331
7070,140177,GS리테일,20191227,20200331,750,20181227,20190329
7070,140177,GS리테일,20181227,20190329,650,20221228,20230405
7070,140177,GS리테일,20221228,20230405,430,20211229,20220405
7070,140177,GS리테일,20211229,20220405,1200,20201229,20210405
7070,140177,GS리테일,20201229,20210405,900,20191227,20200331
7070,140177,GS리테일,20191227,20200331,750,20181227,20190329
7070,140177,GS리테일,20181227,20190329,650,20171227,20180329
16380,115676,KG스틸,20221228,20230421,150,20211229,20220422
16380,115676,KG스틸,20211229,20220422,100,20201229,20210416
16380,115676,KG스틸,20201229,20210416,100,20221228,20230421
16380,115676,KG스틸,20221228,20230421,150,20211229,20220422
16380,115676,KG스틸,20211229,20220422,100,20201229,20210416
16380,115676,KG스틸,20201229,20210416,100,20191230,20200416
52690,159209,한전기술,20221228,20230428,283,20211229,20220428
52690,159209,한전기술,20211229,20220428,238,20201229,20210428
52690,159209,한전기술,20201229,20210428,282,20191227,20200424
52690,159209,한전기술,20191227,20200424,310,20181227,20190425
52690,159209,한전기술,20181227,20190425,140,20221228,20230428
52690,159209,한전기술,20221228,20230428,283,20211229,20220428
52690,159209,한전기술,20211229,20220428,238,20201229,20210428
52690,159209,한전기술,20201229,20210428,282,20191227,20200424
52690,159209,한전기술,20191227,20200424,310,20181227,20190425
52690,159209,한전기술,20181227,20190425,140,20171227,20180425
5830,159102,DB손해보험,20221228,20230414,3000,20211229,20220415
5830,159102,DB손해보험,20211229,20220415,3000,20201229,20210416
5830,159102,DB손해보험,20201229,20210416,2500,20191227,20200417
5830,159102,DB손해보험,20191227,20200417,2650,20181227,20190419
5830,159102,DB손해보험,20181227,20190419,2650,20171227,20180419
24110,149646,기업은행,20221228,20230421,960,20211229,20220421
24110,149646,기업은행,20211229,20220421,780,20201229,20210423
24110,149646,기업은행,20201229,20210423,471,20191227,20200424
24110,149646,기업은행,20191227,20200424,670,20181227,20190426
24110,149646,기업은행,20181227,20190426,690,20171227,20180426
32830,126256,삼성생명,20221228,20230414,3000,20211229,20220415
32830,126256,삼성생명,20211229,20220415,3000,20201229,20210416
32830,126256,삼성생명,20201229,20210416,2500,20191227,20200417
32830,126256,삼성생명,20191227,20200417,2650,20181227,20190419
32830,126256,삼성생명,20181227,20190419,2650,20221228,20230414
32830,126256,삼성생명,20221228,20230414,3000,20211229,20220415
32830,126256,삼성생명,20211229,20220415,3000,20201229,20210416
32830,126256,삼성생명,20201229,20210416,2500,20191227,20200417
32830,126256,삼성생명,20191227,20200417,2650,20181227,20190419
32830,126256,삼성생명,20181227,20190419,2650,20171227,20180419
114090,557508,GKL,20191227,20200408,529,20190627,20190906
114090,557508,GKL,20190627,20190906,130,20181227,20190425
114090,557508,GKL,20181227,20190425,580,20180628,20180904
114090,557508,GKL,20180628,20180904,130,20191227,20200408
114090,557508,GKL,20191227,20200408,529,20190627,20190906
114090,557508,GKL,20190627,20190906,130,20181227,20190425
114090,557508,GKL,20181227,20190425,580,20180628,20180904
114090,557508,GKL,20180628,20180904,130,20171228,20180306
11200,164645,HMM,20221228,20230428,1200,20211229,20220428
11200,164645,HMM,20211229,20220428,600,20221228,20230428
11200,164645,HMM,20221228,20230428,1200,20211229,20220428
11200,164645,HMM,20211229,20220428,600,20201230,20210429
97950,635134,CJ제일제당,20230629,20230828,1000,20230330,20230526
97950,635134,CJ제일제당,20230330,20230526,1000,20221228,20230427
97950,635134,CJ제일제당,20221228,20230427,2500,20220929,20221202
97950,635134,CJ제일제당,20220929,20221202,1000,20220629,20220826
97950,635134,CJ제일제당,20220629,20220826,1000,20220330,20220530
97950,635134,CJ제일제당,20220330,20220530,1000,20230629,20230828
97950,635134,CJ제일제당,20230629,20230828,1000,20230330,20230526
97950,635134,CJ제일제당,20230330,20230526,1000,20221228,20230427
97950,635134,CJ제일제당,20221228,20230427,2500,20220929,20221202
97950,635134,CJ제일제당,20220929,20221202,1000,20220629,20220826
97950,635134,CJ제일제당,20220629,20220826,1000,20220330,20220530
97950,635134,CJ제일제당,20220330,20220530,1000,20211229,20220228
1450,164973,현대해상,20221228,20230331,1965,20211229,20220408
1450,164973,현대해상,20211229,20220408,1480,20201229,20210409
1450,164973,현대해상,20201229,20210409,1000,20191227,20200403
1450,164973,현대해상,20191227,20200403,880,20181227,20190405
1450,164973,현대해상,20181227,20190405,1130,20221228,20230331
1450,164973,현대해상,20221228,20230331,1965,20211229,20220408
1450,164973,현대해상,20211229,20220408,1480,20201229,20210409
1450,164973,현대해상,20201229,20210409,1000,20191227,20200403
1450,164973,현대해상,20191227,20200403,880,20181227,20190405
1450,164973,현대해상,20181227,20190405,1130,20171227,20180405
78930,500254,GS,20230531,20230629,2,20230301,20230330
78930,500254,GS,20230301,20230330,2,20221130,20221229
78930,500254,GS,20221130,20221229,2,20220831,20220929
78930,500254,GS,20220831,20220929,2,20220531,20220629
78930,500254,GS,20220531,20220629,2,20220301,20220330
78930,500254,GS,20220301,20220330,2,20211130,20211229
71050,432102,한국금융지주,20221228,20230407,2300,20211229,20220408
71050,432102,한국금융지주,20211229,20220408,6150,20201229,20210409
71050,432102,한국금융지주,20201229,20210409,3000,20191227,20200403
71050,432102,한국금융지주,20191227,20200403,2900,20181227,20190405
71050,432102,한국금융지주,20181227,20190405,1800,20171227,20180405
1040,148540,CJ,20230530,20230615,0,20230427,20230515
1040,148540,CJ,20230427,20230515,0,20230330,20230414
1040,148540,CJ,20230330,20230414,0,20230227,20230315
1040,148540,CJ,20230227,20230315,0,20230130,20230215
1040,148540,CJ,20230130,20230215,0,20221229,20230116
1040,148540,CJ,20221229,20230116,0,20221127,20221215
35420,266961,NAVER,20220929,20221115,914,20211229,20220404
35420,266961,NAVER,20211229,20220404,511,20201229,20210408
35420,266961,NAVER,20201229,20210408,402,20191227,20200417
35420,266961,NAVER,20191227,20200417,376,20181227,20190412
35420,266961,NAVER,20181227,20190412,314,20171227,20180412
10950,138279,S-Oil,20230629,20230904,2500,20221228,20230428
10950,138279,S-Oil,20221228,20230428,3000,20220629,20220902
10950,138279,S-Oil,20220629,20220902,2500,20211229,20220422
10950,138279,S-Oil,20211229,20220422,2800,20210629,20210827
10950,138279,S-Oil,20210629,20210827,1000,20191227,20200424
10950,138279,S-Oil,20191227,20200424,100,20180625,20181022
383220,1568413,F&F,20221228,20230406,1300,20211229,20220408
383220,1568413,F&F,20211229,20220408,1300,20201229,20210409
383220,1568413,F&F,20201229,20210409,1200,20191227,20200409
383220,1568413,F&F,20191227,20200409,1000,20181227,20190418
383220,1568413,F&F,20181227,20190418,1000,20171227,20180418
6360,120030,GS건설,20221228,20230406,1300,20211229,20220408
6360,120030,GS건설,20211229,20220408,1300,20201229,20210409
6360,120030,GS건설,20201229,20210409,1200,20191227,20200409
6360,120030,GS건설,20191227,20200409,1000,20181227,20190418
6360,120030,GS건설,20181227,20190418,1000,20171227,20180418
267250,1205709,HD현대,20221228,20230421,500,20211229,20220422
267250,1205709,HD현대,20211229,20220422,800,20191227,20200417
267250,1205709,HD현대,20191227,20200417,550,20181227,20190419
267250,1205709,HD현대,20181227,20190419,500,20171227,20180419
47810,309503,한국항공우주,20221228,20230428,250,20211229,20220429
47810,309503,한국항공우주,20211229,20220429,200,20201229,20210423
47810,309503,한국항공우주,20201229,20210423,200,20191227,20200424
47810,309503,한국항공우주,20191227,20200424,400,20181227,20190426
47810,309503,한국항공우주,20181227,20190426,200,20171227,20180426
210,109693,DL,20221228,20230421,1000,20211229,20220422
210,109693,DL,20211229,20220422,1900,20201229,20210423
210,109693,DL,20201229,20210423,1300,20191227,20200424
210,109693,DL,20191227,20200424,1300,20181227,20190417
210,109693,DL,20181227,20190417,1700,20171227,20180417
361610,1386916,SK아이이테크놀로지,20230420,20230426,3,20221026,20221031
361610,1386916,SK아이이테크놀로지,20221026,20221031,3,20220606,20220622
361610,1386916,SK아이이테크놀로지,20220606,20220622,1,20220115,20220131
5490,155319,POSCO홀딩스,20230629,20230901,4000,20230330,20230601
5490,155319,POSCO홀딩스,20230330,20230601,2500,20221228,20230417
5490,155319,POSCO홀딩스,20221228,20230417,2000,20220929,20221124
5490,155319,POSCO홀딩스,20220929,20221124,2000,20220629,20220901
5490,155319,POSCO홀딩스,20220629,20220901,4000,20220330,20220602
5490,155319,POSCO홀딩스,20220330,20220602,4000,20211229,20220303
120110,795135,코오롱인더,20221228,20230426,1300,20211229,20220427
120110,795135,코오롱인더,20211229,20220427,1300,20201229,20210427
120110,795135,코오롱인더,20201229,20210427,1000,20191227,20200423
120110,795135,코오롱인더,20191227,20200423,900,20181227,20190424
120110,795135,코오롱인더,20181227,20190424,900,20171227,20180424
204320,1042775,HL만도,20221228,20230421,500,20211229,20220422
204320,1042775,HL만도,20211229,20220422,800,20191227,20200417
204320,1042775,HL만도,20191227,20200417,550,20181227,20190419
204320,1042775,HL만도,20181227,20190419,500,20171227,20180419
42670,344287,HD현대인프라코어,20221228,20230407,2500,20211229,20220408
42670,344287,HD현대인프라코어,20211229,20220408,2000,20181227,20190412
42670,344287,HD현대인프라코어,20181227,20190412,850,20151225,20160409
10060,148896,OCI,20221228,20230407,2500,20211229,20220408
10060,148896,OCI,20211229,20220408,2000,20181227,20190412
10060,148896,OCI,20181227,20190412,850,20151225,20160409
285130,1267170,SK케미칼,20230629,20230824,400,20221228,20230427
285130,1267170,SK케미칼,20221228,20230427,1100,20220629,20220824
285130,1267170,SK케미칼,20220629,20220824,400,20211229,20220427
285130,1267170,SK케미칼,20211229,20220427,3000,20201229,20210428
285130,1267170,SK케미칼,20201229,20210428,2000,20191227,20200424
285130,1267170,SK케미칼,20191227,20200424,450,20181224,20190422
55550,382199,신한지주,20230629,20230828,400,20230330,20230512
55550,382199,신한지주,20230330,20230512,525,20221228,20230407
55550,382199,신한지주,20221228,20230407,865,20220929,20221026
55550,382199,신한지주,20220929,20221026,400,20220629,20220826
55550,382199,신한지주,20220629,20220826,400,20220330,20220506
55550,382199,신한지주,20220330,20220506,400,20211229,20220204
178920,767460,PI첨단소재,20221228,20230421,779,20211229,20220421
178920,767460,PI첨단소재,20211229,20220421,1090,20201229,20210416
178920,767460,PI첨단소재,20201229,20210416,711,20191227,20200324
178920,767460,PI첨단소재,20191227,20200324,315,20181227,20190424
178920,767460,PI첨단소재,20181227,20190424,830,20171227,20180424
990,160843,DB하이텍,20221228,20230428,1300,20211229,20220428
990,160843,DB하이텍,20211229,20220428,450,20201229,20210427
990,160843,DB하이텍,20201229,20210427,350,20191227,20200424
990,160843,DB하이텍,20191227,20200424,350,20181227,20190424
990,160843,DB하이텍,20181227,20190424,250,20171227,20180424
329180,1390344,HD현대중공업,20230000,20230000,0,20230000,20230000
326030,878696,에스케이바이오팜,20230000,20230000,0,20230000,20230000
302440,1319899,SK바이오사이언스,20230000,20230000,0,20230000,20230000
336260,1412725,두산퓨얼셀,20230000,20230000,0,20230000,20230000
373220,1515323,LG에너지솔루션,20230000,20230000,0,20230000,20230000
9540,164830,HD한국조선해양,20230000,20230000,0,20230000,20230000
